{"stats":{"minecraft:used":{"minecraft:cooked_mutton":1,"minecraft:diorite":5,"minecraft:iron_shovel":10,"minecraft:flint_and_steel":34,"minecraft:stone_shovel":11,"minecraft:stone_pickaxe":15,"minecraft:netherite_chestplate":1,"minecraft:wooden_pickaxe":22,"minecraft:shield":1,"minecraft:iron_sword":4,"minecraft:zombie_spawn_egg":36,"minecraft:cooked_chicken":1,"minecraft:rotten_flesh":3,"minecraft:iron_chestplate":1,"minecraft:dirt":1,"minecraft:netherite_leggings":1,"minecraft:tnt":417,"minecraft:crafting_table":6,"minecraft:netherite_helmet":1,"minecraft:granite":13,"minecraft:dark_oak_planks":1,"minecraft:apple":2,"minecraft:iron_axe":35,"minecraft:iron_pickaxe":157,"minecraft:netherite_axe":13,"minecraft:iron_boots":1,"minecraft:netherite_boots":1,"minecraft:stone_axe":19,"minecraft:cobblestone":74,"minecraft:furnace":3,"minecraft:egg":1,"minecraft:cobbled_deepslate":53},"minecraft:picked_up":{"minecraft:crafting_table":9,"minecraft:iron_chestplate":3,"minecraft:feather":3,"minecraft:chicken":1,"minecraft:clay_ball":170,"minecraft:andesite":16,"minecraft:filled_map":3,"minecraft:flint":6,"minecraft:shield":2,"minecraft:lapis_lazuli":172,"minecraft:dirt":110,"minecraft:moss_carpet":3,"minecraft:iron_axe":2,"minecraft:flint_and_steel":1,"minecraft:cooked_mutton":2,"minecraft:coast_armor_trim_smithing_template":2,"minecraft:iron_shovel":2,"minecraft:bone":6,"minecraft:apple":3,"minecraft:kelp":4,"minecraft:bow":1,"minecraft:wheat_seeds":1,"minecraft:cobbled_deepslate":57,"minecraft:raw_gold":21,"minecraft:iron_ingot":6,"minecraft:netherite_axe":2,"minecraft:iron_pickaxe":5,"minecraft:moss_block":2,"minecraft:iron_sword":2,"minecraft:oak_planks":8,"minecraft:furnace":14,"minecraft:iron_boots":3,"minecraft:egg":1,"minecraft:book":9,"minecraft:dark_oak_sapling":5,"minecraft:stick":3,"minecraft:raw_iron":117,"minecraft:sandstone":69,"minecraft:gravel":23,"minecraft:sand":101,"minecraft:diorite":5,"minecraft:redstone":3,"minecraft:dark_oak_log":28,"minecraft:dark_oak_planks":41,"minecraft:tnt":64,"minecraft:zombie_spawn_egg":64,"minecraft:rotten_flesh":2060,"minecraft:stone_shovel":1,"minecraft:slime_ball":1,"minecraft:diamond":11,"minecraft:tropical_fish":2,"minecraft:stone_axe":5,"minecraft:iron_helmet":1,"minecraft:granite":13,"minecraft:diamond_axe":1,"minecraft:bread":123,"minecraft:glow_berries":1,"minecraft:coal":187,"minecraft:white_wool":1,"minecraft:cobblestone":114,"minecraft:diamond_pickaxe":1},"minecraft:dropped":{"minecraft:kelp":2,"minecraft:wheat_seeds":1,"minecraft:tnt":64,"minecraft:dark_oak_sapling":2,"minecraft:rotten_flesh":8,"minecraft:clay_ball":6,"minecraft:filled_map":2,"minecraft:coast_armor_trim_smithing_template":2,"minecraft:wooden_pickaxe":1,"minecraft:iron_shovel":1},"minecraft:killed":{"minecraft:sheep":1,"minecraft:zombie":2,"minecraft:chicken":1},"minecraft:custom":{"minecraft:interact_with_furnace":20,"minecraft:mob_kills":5,"minecraft:interact_with_crafting_table":9,"minecraft:leave_game":4,"minecraft:time_since_death":11628,"minecraft:climb_one_cm":130,"minecraft:time_since_rest":11652,"minecraft:sprint_one_cm":176849,"minecraft:damage_taken":4459,"minecraft:walk_one_cm":129972,"minecraft:damage_blocked_by_shield":60,"minecraft:drop":26,"minecraft:damage_dealt":3038,"minecraft:swim_one_cm":78824,"minecraft:player_kills":8,"minecraft:fly_one_cm":261766,"minecraft:open_chest":2,"minecraft:crouch_one_cm":1708,"minecraft:play_time":69200,"minecraft:deaths":16,"minecraft:sneak_time":823,"minecraft:walk_under_water_one_cm":15145,"minecraft:jump":1212,"minecraft:walk_on_water_one_cm":8442,"minecraft:total_world_time":69200,"minecraft:fall_one_cm":33058},"minecraft:mined":{"minecraft:dark_oak_leaves":3,"minecraft:kelp_plant":2,"minecraft:dark_oak_log":28,"minecraft:clay":9,"minecraft:crafting_table":6,"minecraft:cave_vines_plant":1,"minecraft:granite":16,"minecraft:short_grass":2,"minecraft:grass_block":1,"minecraft:moss_block":2,"minecraft:diorite":5,"minecraft:furnace":3,"minecraft:iron_ore":13,"minecraft:coal_ore":25,"minecraft:deepslate_iron_ore":3,"minecraft:gravel":6,"minecraft:dirt":4,"minecraft:stone":71,"minecraft:deepslate":51},"minecraft:killed_by":{"minecraft:warden":2,"minecraft:player":8,"minecraft:creeper":1,"minecraft:spider":1,"minecraft:zombie":2},"minecraft:crafted":{"minecraft:stone_shovel":1,"minecraft:crafting_table":2,"minecraft:wooden_pickaxe":1,"minecraft:cooked_chicken":1,"minecraft:furnace":2,"minecraft:stone_axe":1,"minecraft:air":0,"minecraft:iron_chestplate":1,"minecraft:shield":1,"minecraft:iron_axe":1,"minecraft:stick":44,"minecraft:iron_ingot":16,"minecraft:iron_pickaxe":1,"minecraft:stone_pickaxe":1,"minecraft:iron_shovel":1,"minecraft:dark_oak_planks":80},"minecraft:broken":{"minecraft:flint_and_steel":1}},"DataVersion":3953}