{"stats":{"minecraft:used":{"minecraft:cooked_mutton":1,"minecraft:dark_oak_planks":1,"minecraft:stone_shovel":2,"minecraft:stone_pickaxe":15,"minecraft:wooden_pickaxe":22,"minecraft:iron_boots":1,"minecraft:stone_axe":5,"minecraft:crafting_table":2,"minecraft:cobbled_deepslate":6},"minecraft:picked_up":{"minecraft:raw_iron":1,"minecraft:dark_oak_sapling":1,"minecraft:iron_chestplate":1,"minecraft:crafting_table":3,"minecraft:clay_ball":8,"minecraft:shield":1,"minecraft:dark_oak_log":14,"minecraft:cooked_mutton":2,"minecraft:rotten_flesh":1,"minecraft:diamond":6,"minecraft:stone_axe":2,"minecraft:wheat_seeds":1,"minecraft:cobbled_deepslate":10,"minecraft:glow_berries":1,"minecraft:coal":42,"minecraft:iron_boots":1,"minecraft:cobblestone":42},"minecraft:dropped":{"minecraft:wheat_seeds":1,"minecraft:dark_oak_sapling":1,"minecraft:wooden_pickaxe":1},"minecraft:custom":{"minecraft:time_since_rest":785,"minecraft:interact_with_furnace":1,"minecraft:sprint_one_cm":51028,"minecraft:damage_taken":796,"minecraft:walk_one_cm":47891,"minecraft:drop":3,"minecraft:damage_dealt":302,"minecraft:interact_with_crafting_table":2,"minecraft:fly_one_cm":53932,"minecraft:player_kills":1,"minecraft:crouch_one_cm":511,"minecraft:play_time":23059,"minecraft:deaths":3,"minecraft:sneak_time":66,"minecraft:jump":379,"minecraft:leave_game":2,"minecraft:walk_on_water_one_cm":493,"minecraft:time_since_death":718,"minecraft:climb_one_cm":49,"minecraft:total_world_time":23059,"minecraft:fall_one_cm":14908},"minecraft:mined":{"minecraft:dark_oak_leaves":3,"minecraft:dark_oak_log":14,"minecraft:clay":1,"minecraft:crafting_table":2,"minecraft:cave_vines_plant":1,"minecraft:short_grass":1,"minecraft:coal_ore":8,"minecraft:stone":24,"minecraft:deepslate":4},"minecraft:killed_by":{"minecraft:player":1,"minecraft:creeper":1},"minecraft:crafted":{"minecraft:stone_shovel":1,"minecraft:crafting_table":1,"minecraft:stick":16,"minecraft:wooden_pickaxe":1,"minecraft:stone_pickaxe":1,"minecraft:dark_oak_planks":24,"minecraft:stone_axe":1}},"DataVersion":3953}