{"stats":{"minecraft:used":{"minecraft:dark_oak_planks":1,"minecraft:crafting_table":1,"minecraft:wooden_pickaxe":7},"minecraft:picked_up":{"minecraft:dark_oak_sapling":1,"minecraft:crafting_table":1,"minecraft:wheat_seeds":1,"minecraft:dark_oak_log":14,"minecraft:cobblestone":6},"minecraft:dropped":{"minecraft:wheat_seeds":1,"minecraft:dark_oak_sapling":1},"minecraft:custom":{"minecraft:time_since_rest":4144,"minecraft:crouch_one_cm":423,"minecraft:sprint_one_cm":24095,"minecraft:play_time":11179,"minecraft:walk_one_cm":22220,"minecraft:damage_taken":459,"minecraft:deaths":1,"minecraft:sneak_time":50,"minecraft:drop":2,"minecraft:jump":122,"minecraft:damage_dealt":31,"minecraft:leave_game":1,"minecraft:time_since_death":3959,"minecraft:total_world_time":11179,"minecraft:interact_with_crafting_table":1,"minecraft:fall_one_cm":4965,"minecraft:fly_one_cm":18880},"minecraft:mined":{"minecraft:short_grass":1,"minecraft:dark_oak_leaves":3,"minecraft:stone":7,"minecraft:dark_oak_log":14,"minecraft:crafting_table":1},"minecraft:crafted":{"minecraft:dark_oak_planks":24,"minecraft:crafting_table":1,"minecraft:stick":4,"minecraft:wooden_pickaxe":1},"minecraft:killed_by":{"minecraft:creeper":1}},"DataVersion":3953}