{"stats":{"minecraft:used":{"minecraft:cooked_mutton":1,"minecraft:diorite":5,"minecraft:iron_shovel":1,"minecraft:stone_shovel":11,"minecraft:stone_pickaxe":15,"minecraft:wooden_pickaxe":22,"minecraft:rotten_flesh":1,"minecraft:iron_chestplate":1,"minecraft:crafting_table":5,"minecraft:granite":4,"minecraft:dark_oak_planks":1,"minecraft:iron_axe":1,"minecraft:iron_pickaxe":151,"minecraft:iron_boots":1,"minecraft:stone_axe":9,"minecraft:cobblestone":26,"minecraft:furnace":2,"minecraft:cobbled_deepslate":53},"minecraft:picked_up":{"minecraft:crafting_table":6,"minecraft:iron_chestplate":1,"minecraft:clay_ball":42,"minecraft:shield":1,"minecraft:moss_carpet":1,"minecraft:cooked_mutton":2,"minecraft:wheat_seeds":1,"minecraft:cobbled_deepslate":57,"minecraft:iron_pickaxe":1,"minecraft:moss_block":2,"minecraft:oak_planks":8,"minecraft:iron_boots":1,"minecraft:furnace":2,"minecraft:dark_oak_sapling":1,"minecraft:raw_iron":17,"minecraft:gravel":1,"minecraft:diorite":5,"minecraft:dark_oak_log":14,"minecraft:rotten_flesh":3,"minecraft:stone_shovel":1,"minecraft:diamond":6,"minecraft:stone_axe":2,"minecraft:granite":13,"minecraft:glow_berries":1,"minecraft:coal":59,"minecraft:cobblestone":84},"minecraft:dropped":{"minecraft:wheat_seeds":1,"minecraft:dark_oak_sapling":1,"minecraft:clay_ball":6,"minecraft:wooden_pickaxe":1},"minecraft:killed":{"minecraft:zombie":1},"minecraft:custom":{"minecraft:interact_with_furnace":18,"minecraft:mob_kills":1,"minecraft:interact_with_crafting_table":8,"minecraft:leave_game":2,"minecraft:time_since_death":12718,"minecraft:climb_one_cm":130,"minecraft:time_since_rest":12785,"minecraft:sprint_one_cm":67280,"minecraft:damage_taken":876,"minecraft:walk_one_cm":65803,"minecraft:drop":9,"minecraft:damage_dealt":469,"minecraft:swim_one_cm":822,"minecraft:player_kills":1,"minecraft:fly_one_cm":65503,"minecraft:crouch_one_cm":1114,"minecraft:play_time":35059,"minecraft:deaths":3,"minecraft:sneak_time":273,"minecraft:walk_under_water_one_cm":77,"minecraft:jump":598,"minecraft:walk_on_water_one_cm":2183,"minecraft:total_world_time":35059,"minecraft:fall_one_cm":17035},"minecraft:mined":{"minecraft:dark_oak_leaves":3,"minecraft:dark_oak_log":14,"minecraft:clay":9,"minecraft:crafting_table":5,"minecraft:cave_vines_plant":1,"minecraft:granite":16,"minecraft:short_grass":1,"minecraft:moss_block":2,"minecraft:diorite":5,"minecraft:furnace":2,"minecraft:iron_ore":13,"minecraft:coal_ore":25,"minecraft:deepslate_iron_ore":3,"minecraft:gravel":2,"minecraft:stone":66,"minecraft:deepslate":51},"minecraft:killed_by":{"minecraft:player":1,"minecraft:creeper":1},"minecraft:crafted":{"minecraft:stone_shovel":1,"minecraft:crafting_table":2,"minecraft:wooden_pickaxe":1,"minecraft:furnace":2,"minecraft:stone_axe":1,"minecraft:air":0,"minecraft:iron_chestplate":1,"minecraft:iron_axe":1,"minecraft:stick":24,"minecraft:iron_ingot":16,"minecraft:iron_pickaxe":1,"minecraft:stone_pickaxe":1,"minecraft:iron_shovel":1,"minecraft:dark_oak_planks":24}},"DataVersion":3953}