{"stats":{"minecraft:used":{"minecraft:cooked_mutton":1,"minecraft:diorite":5,"minecraft:iron_shovel":10,"minecraft:flint_and_steel":26,"minecraft:stone_shovel":11,"minecraft:stone_pickaxe":15,"minecraft:netherite_chestplate":1,"minecraft:shield":1,"minecraft:wooden_pickaxe":22,"minecraft:iron_sword":4,"minecraft:cooked_chicken":1,"minecraft:rotten_flesh":3,"minecraft:iron_chestplate":1,"minecraft:dirt":1,"minecraft:netherite_leggings":1,"minecraft:crafting_table":6,"minecraft:netherite_helmet":1,"minecraft:granite":13,"minecraft:dark_oak_planks":1,"minecraft:apple":1,"minecraft:iron_axe":35,"minecraft:iron_pickaxe":157,"minecraft:iron_boots":1,"minecraft:netherite_boots":1,"minecraft:stone_axe":19,"minecraft:cobblestone":31,"minecraft:furnace":3,"minecraft:egg":1,"minecraft:cobbled_deepslate":53},"minecraft:picked_up":{"minecraft:crafting_table":9,"minecraft:iron_chestplate":2,"minecraft:feather":2,"minecraft:chicken":1,"minecraft:clay_ball":170,"minecraft:flint":4,"minecraft:shield":1,"minecraft:iron_axe":2,"minecraft:lapis_lazuli":108,"minecraft:dirt":13,"minecraft:moss_carpet":3,"minecraft:flint_and_steel":1,"minecraft:cooked_mutton":2,"minecraft:iron_shovel":2,"minecraft:bone":6,"minecraft:apple":2,"minecraft:bow":1,"minecraft:wheat_seeds":1,"minecraft:cobbled_deepslate":57,"minecraft:iron_pickaxe":5,"minecraft:moss_block":2,"minecraft:iron_sword":2,"minecraft:oak_planks":8,"minecraft:egg":1,"minecraft:iron_boots":2,"minecraft:furnace":11,"minecraft:dark_oak_sapling":2,"minecraft:raw_iron":67,"minecraft:gravel":15,"minecraft:diorite":5,"minecraft:dark_oak_log":28,"minecraft:dark_oak_planks":40,"minecraft:rotten_flesh":1919,"minecraft:stone_shovel":1,"minecraft:diamond":11,"minecraft:stone_axe":5,"minecraft:granite":13,"minecraft:glow_berries":1,"minecraft:coal":179,"minecraft:cobblestone":89},"minecraft:dropped":{"minecraft:wheat_seeds":1,"minecraft:dark_oak_sapling":1,"minecraft:clay_ball":6,"minecraft:wooden_pickaxe":1,"minecraft:iron_shovel":1},"minecraft:killed":{"minecraft:zombie":1,"minecraft:chicken":1},"minecraft:custom":{"minecraft:interact_with_furnace":20,"minecraft:mob_kills":2,"minecraft:interact_with_crafting_table":9,"minecraft:leave_game":2,"minecraft:time_since_death":737,"minecraft:climb_one_cm":130,"minecraft:time_since_rest":836,"minecraft:sprint_one_cm":136570,"minecraft:damage_taken":2700,"minecraft:walk_one_cm":89046,"minecraft:damage_blocked_by_shield":60,"minecraft:drop":10,"minecraft:damage_dealt":1854,"minecraft:swim_one_cm":4430,"minecraft:player_kills":5,"minecraft:fly_one_cm":105096,"minecraft:crouch_one_cm":1380,"minecraft:play_time":47059,"minecraft:deaths":10,"minecraft:sneak_time":313,"minecraft:walk_under_water_one_cm":590,"minecraft:jump":860,"minecraft:walk_on_water_one_cm":2825,"minecraft:total_world_time":47059,"minecraft:fall_one_cm":23487},"minecraft:mined":{"minecraft:dark_oak_leaves":3,"minecraft:dark_oak_log":28,"minecraft:clay":9,"minecraft:crafting_table":6,"minecraft:cave_vines_plant":1,"minecraft:granite":16,"minecraft:short_grass":2,"minecraft:grass_block":1,"minecraft:moss_block":2,"minecraft:diorite":5,"minecraft:furnace":3,"minecraft:iron_ore":13,"minecraft:coal_ore":25,"minecraft:deepslate_iron_ore":3,"minecraft:gravel":6,"minecraft:dirt":4,"minecraft:stone":71,"minecraft:deepslate":51},"minecraft:killed_by":{"minecraft:player":8,"minecraft:creeper":1},"minecraft:crafted":{"minecraft:stone_shovel":1,"minecraft:crafting_table":2,"minecraft:wooden_pickaxe":1,"minecraft:cooked_chicken":1,"minecraft:furnace":2,"minecraft:stone_axe":1,"minecraft:air":0,"minecraft:iron_chestplate":1,"minecraft:shield":1,"minecraft:iron_axe":1,"minecraft:stick":44,"minecraft:iron_ingot":16,"minecraft:iron_pickaxe":1,"minecraft:stone_pickaxe":1,"minecraft:iron_shovel":1,"minecraft:dark_oak_planks":80},"minecraft:broken":{"minecraft:flint_and_steel":1}},"DataVersion":3953}