{"stats":{"minecraft:picked_up":{"minecraft:dark_oak_log":7},"minecraft:custom":{"minecraft:jump":68,"minecraft:time_since_rest":4847,"minecraft:damage_dealt":25,"minecraft:crouch_one_cm":197,"minecraft:sprint_one_cm":10103,"minecraft:play_time":4847,"minecraft:damage_taken":18,"minecraft:time_since_death":4847,"minecraft:walk_one_cm":12452,"minecraft:sneak_time":23,"minecraft:total_world_time":4847,"minecraft:fall_one_cm":2359,"minecraft:fly_one_cm":12965},"minecraft:mined":{"minecraft:dark_oak_log":6,"minecraft:dark_oak_leaves":3}},"DataVersion":3953}