{"stats":{"minecraft:used":{"minecraft:dark_oak_planks":4,"minecraft:stone_pickaxe":20,"minecraft:wooden_pickaxe":11,"minecraft:light_gray_wool":2,"minecraft:stone_axe":73,"minecraft:white_wool":1,"minecraft:dirt":4,"minecraft:crafting_table":2,"minecraft:mushroom_stew":2},"minecraft:picked_up":{"minecraft:raw_iron":2,"minecraft:stick":1,"minecraft:crafting_table":2,"minecraft:chicken":1,"minecraft:brown_mushroom":4,"minecraft:red_mushroom":6,"minecraft:dark_oak_log":7,"minecraft:dirt":4,"minecraft:wheat_seeds":2,"minecraft:light_gray_wool":2,"minecraft:mutton":7,"minecraft:coal":16,"minecraft:white_wool":4,"minecraft:cobblestone":9},"minecraft:dropped":{"minecraft:dark_oak_log":1,"minecraft:wheat_seeds":2},"minecraft:killed":{"minecraft:sheep":4,"minecraft:chicken":1},"minecraft:custom":{"minecraft:time_since_rest":10589,"minecraft:sprint_one_cm":35552,"minecraft:damage_taken":46,"minecraft:walk_one_cm":24195,"minecraft:mob_kills":6,"minecraft:drop":3,"minecraft:damage_dealt":895,"minecraft:player_kills":1,"minecraft:interact_with_crafting_table":5,"minecraft:fly_one_cm":58300,"minecraft:crouch_one_cm":1630,"minecraft:play_time":10589,"minecraft:sneak_time":607,"minecraft:jump":261,"minecraft:time_since_death":10589,"minecraft:total_world_time":10589,"minecraft:fall_one_cm":8349},"minecraft:mined":{"minecraft:iron_ore":2,"minecraft:dark_oak_log":6,"minecraft:light_gray_wool":1,"minecraft:crafting_table":2,"minecraft:short_grass":6,"minecraft:grass_block":1,"minecraft:coal_ore":16,"minecraft:dirt":3,"minecraft:mushroom_stem":8,"minecraft:brown_mushroom_block":23,"minecraft:red_mushroom_block":28,"minecraft:stone":9,"minecraft:white_wool":1,"minecraft:oak_leaves":1},"minecraft:crafted":{"minecraft:crafting_table":1,"minecraft:stick":8,"minecraft:wooden_pickaxe":1,"minecraft:stone_pickaxe":1,"minecraft:bowl":4,"minecraft:mushroom_stew":4,"minecraft:dark_oak_planks":24,"minecraft:stone_axe":1}},"DataVersion":3953}