{"stats":{"minecraft:used":{"minecraft:cooked_mutton":6,"minecraft:stone_pickaxe":38,"minecraft:shield":13,"minecraft:wooden_pickaxe":11,"minecraft:cooked_chicken":1,"minecraft:white_wool":1,"minecraft:torch":26,"minecraft:glow_berries":8,"minecraft:dirt":5,"minecraft:crafting_table":7,"minecraft:mushroom_stew":4,"minecraft:dark_oak_planks":7,"minecraft:iron_axe":33,"minecraft:iron_pickaxe":91,"minecraft:iron_helmet":1,"minecraft:stone_axe":83,"minecraft:light_gray_wool":2,"minecraft:cobblestone":14,"minecraft:furnace":4},"minecraft:picked_up":{"minecraft:iron_chestplate":1,"minecraft:crafting_table":9,"minecraft:chicken":1,"minecraft:clay_ball":4,"minecraft:brown_mushroom":4,"minecraft:red_mushroom":6,"minecraft:oak_log":7,"minecraft:shield":1,"minecraft:gunpowder":1,"minecraft:dirt":5,"minecraft:iron_axe":1,"minecraft:cooked_mutton":1,"minecraft:wheat_seeds":3,"minecraft:cobbled_deepslate":21,"minecraft:iron_pickaxe":1,"minecraft:light_gray_wool":2,"minecraft:oak_planks":14,"minecraft:iron_boots":1,"minecraft:furnace":5,"minecraft:stick":11,"minecraft:raw_iron":26,"minecraft:torch":24,"minecraft:gravel":6,"minecraft:white_bed":1,"minecraft:dark_oak_log":7,"minecraft:dark_oak_planks":8,"minecraft:arrow":1,"minecraft:rotten_flesh":2,"minecraft:diamond":7,"minecraft:stone_axe":1,"minecraft:iron_helmet":1,"minecraft:glow_berries":9,"minecraft:mutton":7,"minecraft:coal":307,"minecraft:white_wool":4,"minecraft:cobblestone":47,"minecraft:diamond_pickaxe":1},"minecraft:dropped":{"minecraft:stone_axe":2,"minecraft:wheat_seeds":3,"minecraft:cobbled_deepslate":5,"minecraft:diamond":4,"minecraft:bowl":4,"minecraft:crafting_table":1,"minecraft:rotten_flesh":2,"minecraft:clay_ball":4,"minecraft:cooked_mutton":2,"minecraft:coal":26,"minecraft:red_mushroom":2,"minecraft:dark_oak_log":1,"minecraft:gunpowder":1,"minecraft:arrow":1,"minecraft:stone_pickaxe":1,"minecraft:wooden_pickaxe":1},"minecraft:killed":{"minecraft:spider":2,"minecraft:creeper":2,"minecraft:skeleton":3,"minecraft:sheep":4,"minecraft:zombie":5,"minecraft:chicken":1},"minecraft:custom":{"minecraft:interact_with_furnace":24,"minecraft:mob_kills":18,"minecraft:interact_with_crafting_table":15,"minecraft:time_since_death":2832,"minecraft:climb_one_cm":538,"minecraft:time_since_rest":2857,"minecraft:sprint_one_cm":110011,"minecraft:damage_taken":818,"minecraft:walk_one_cm":64132,"minecraft:damage_blocked_by_shield":582,"minecraft:drop":26,"minecraft:damage_dealt":3185,"minecraft:fly_one_cm":145869,"minecraft:player_kills":2,"minecraft:crouch_one_cm":3237,"minecraft:play_time":34589,"minecraft:deaths":2,"minecraft:sneak_time":1113,"minecraft:jump":878,"minecraft:walk_on_water_one_cm":1262,"minecraft:total_world_time":34589,"minecraft:fall_one_cm":34400},"minecraft:mined":{"minecraft:deepslate_diamond_ore":5,"minecraft:dark_oak_log":6,"minecraft:crafting_table":7,"minecraft:short_grass":10,"minecraft:grass_block":2,"minecraft:mushroom_stem":8,"minecraft:brown_mushroom_block":23,"minecraft:wall_torch":2,"minecraft:furnace":4,"minecraft:iron_ore":24,"minecraft:light_gray_wool":1,"minecraft:coal_ore":61,"minecraft:oak_log":7,"minecraft:deepslate_iron_ore":1,"minecraft:gravel":3,"minecraft:dirt":3,"minecraft:red_mushroom_block":29,"minecraft:stone":29,"minecraft:white_wool":1,"minecraft:oak_leaves":1,"minecraft:deepslate":9},"minecraft:killed_by":{"minecraft:player":1},"minecraft:crafted":{"minecraft:oak_planks":28,"minecraft:crafting_table":1,"minecraft:iron_helmet":1,"minecraft:wooden_pickaxe":1,"minecraft:cooked_chicken":1,"minecraft:bowl":4,"minecraft:furnace":1,"minecraft:mushroom_stew":4,"minecraft:stone_axe":1,"minecraft:cooked_mutton":7,"minecraft:air":0,"minecraft:iron_boots":1,"minecraft:iron_chestplate":1,"minecraft:diamond_pickaxe":1,"minecraft:shield":1,"minecraft:iron_axe":1,"minecraft:stick":24,"minecraft:iron_ingot":24,"minecraft:iron_pickaxe":1,"minecraft:stone_pickaxe":1,"minecraft:white_bed":1,"minecraft:dark_oak_planks":24,"minecraft:torch":44}},"DataVersion":3953}