{"stats":{"minecraft:used":{"minecraft:cooked_mutton":6,"minecraft:stone_pickaxe":38,"minecraft:oak_planks":5,"minecraft:shield":21,"minecraft:wooden_pickaxe":11,"minecraft:cooked_chicken":1,"minecraft:white_wool":1,"minecraft:torch":37,"minecraft:glow_berries":13,"minecraft:dirt":5,"minecraft:crafting_table":8,"minecraft:mushroom_stew":4,"minecraft:dark_oak_planks":7,"minecraft:flowering_azalea":1,"minecraft:diamond_pickaxe":48,"minecraft:iron_axe":49,"minecraft:bread":2,"minecraft:iron_pickaxe":91,"minecraft:iron_helmet":1,"minecraft:stone_axe":83,"minecraft:light_gray_wool":2,"minecraft:cobblestone":32,"minecraft:furnace":5,"minecraft:cobbled_deepslate":2},"minecraft:picked_up":{"minecraft:iron_chestplate":1,"minecraft:crafting_table":11,"minecraft:chicken":1,"minecraft:clay_ball":14,"minecraft:brown_mushroom":4,"minecraft:red_mushroom":6,"minecraft:oak_log":7,"minecraft:shield":1,"minecraft:gunpowder":1,"minecraft:flint_and_steel":1,"minecraft:lapis_lazuli":91,"minecraft:string":2,"minecraft:dirt":5,"minecraft:iron_leggings":1,"minecraft:iron_axe":1,"minecraft:cooked_mutton":1,"minecraft:bone":9,"minecraft:bow":1,"minecraft:raw_gold":20,"minecraft:wheat_seeds":3,"minecraft:cobbled_deepslate":27,"minecraft:iron_ingot":2,"minecraft:azalea":1,"minecraft:iron_pickaxe":1,"minecraft:light_gray_wool":2,"minecraft:flowering_azalea":1,"minecraft:oak_planks":26,"minecraft:iron_boots":2,"minecraft:furnace":6,"minecraft:stick":11,"minecraft:raw_iron":82,"minecraft:torch":52,"minecraft:gravel":6,"minecraft:white_bed":1,"minecraft:redstone":19,"minecraft:mossy_cobblestone":3,"minecraft:dark_oak_log":7,"minecraft:dark_oak_planks":8,"minecraft:tropical_fish":2,"minecraft:arrow":6,"minecraft:rotten_flesh":68,"minecraft:slime_ball":1,"minecraft:diamond":14,"minecraft:stone_axe":1,"minecraft:iron_helmet":2,"minecraft:glow_berries":16,"minecraft:mutton":7,"minecraft:coal":367,"minecraft:white_wool":4,"minecraft:cobblestone":111,"minecraft:diamond_pickaxe":2},"minecraft:dropped":{"minecraft:iron_ingot":6,"minecraft:stone_axe":2,"minecraft:wheat_seeds":3,"minecraft:lapis_lazuli":91,"minecraft:cobbled_deepslate":5,"minecraft:cobblestone":63,"minecraft:diamond":4,"minecraft:bowl":4,"minecraft:crafting_table":1,"minecraft:raw_iron":25,"minecraft:iron_boots":1,"minecraft:iron_helmet":1,"minecraft:oak_planks":8,"minecraft:rotten_flesh":66,"minecraft:clay_ball":14,"minecraft:cooked_mutton":2,"minecraft:coal":26,"minecraft:flint_and_steel":1,"minecraft:red_mushroom":2,"minecraft:dark_oak_log":1,"minecraft:gunpowder":1,"minecraft:azalea":1,"minecraft:iron_leggings":1,"minecraft:bow":1,"minecraft:arrow":3,"minecraft:stone_pickaxe":1,"minecraft:wooden_pickaxe":1,"minecraft:iron_pickaxe":1,"minecraft:string":2,"minecraft:bone":8},"minecraft:killed":{"minecraft:spider":2,"minecraft:slime":1,"minecraft:creeper":2,"minecraft:skeleton":6,"minecraft:sheep":4,"minecraft:zombie":8,"minecraft:chicken":1},"minecraft:custom":{"minecraft:interact_with_furnace":30,"minecraft:mob_kills":26,"minecraft:interact_with_crafting_table":16,"minecraft:time_since_death":14832,"minecraft:climb_one_cm":538,"minecraft:time_since_rest":14857,"minecraft:sprint_one_cm":153372,"minecraft:damage_taken":1107,"minecraft:walk_one_cm":87776,"minecraft:damage_blocked_by_shield":762,"minecraft:drop":60,"minecraft:damage_dealt":4299,"minecraft:fly_one_cm":187601,"minecraft:player_kills":2,"minecraft:open_chest":7,"minecraft:walk_under_water_one_cm":152,"minecraft:crouch_one_cm":5182,"minecraft:play_time":46589,"minecraft:deaths":2,"minecraft:sneak_time":1631,"minecraft:jump":1207,"minecraft:walk_on_water_one_cm":1585,"minecraft:total_world_time":46589,"minecraft:fall_one_cm":42152},"minecraft:mined":{"minecraft:flowering_azalea":1,"minecraft:mossy_cobblestone":3,"minecraft:deepslate_diamond_ore":10,"minecraft:dark_oak_log":6,"minecraft:crafting_table":8,"minecraft:cave_vines_plant":2,"minecraft:short_grass":11,"minecraft:grass_block":2,"minecraft:mushroom_stem":8,"minecraft:brown_mushroom_block":23,"minecraft:tall_grass":1,"minecraft:cobblestone":1,"minecraft:deepslate_gold_ore":19,"minecraft:wall_torch":2,"minecraft:spawner":1,"minecraft:furnace":5,"minecraft:iron_ore":29,"minecraft:fire":2,"minecraft:light_gray_wool":1,"minecraft:cave_vines":7,"minecraft:coal_ore":61,"minecraft:oak_log":7,"minecraft:deepslate_iron_ore":2,"minecraft:gravel":3,"minecraft:dirt":3,"minecraft:red_mushroom_block":29,"minecraft:stone":29,"minecraft:gold_ore":1,"minecraft:white_wool":1,"minecraft:oak_leaves":1,"minecraft:deepslate":15},"minecraft:killed_by":{"minecraft:player":1},"minecraft:crafted":{"minecraft:oak_planks":28,"minecraft:crafting_table":1,"minecraft:iron_helmet":1,"minecraft:wooden_pickaxe":1,"minecraft:cooked_chicken":1,"minecraft:bowl":4,"minecraft:furnace":1,"minecraft:bucket":1,"minecraft:mushroom_stew":4,"minecraft:stone_axe":1,"minecraft:cooked_mutton":7,"minecraft:air":0,"minecraft:iron_boots":1,"minecraft:iron_chestplate":1,"minecraft:diamond_pickaxe":1,"minecraft:shield":1,"minecraft:iron_axe":1,"minecraft:stick":24,"minecraft:iron_ingot":31,"minecraft:iron_pickaxe":1,"minecraft:stone_pickaxe":1,"minecraft:white_bed":1,"minecraft:dark_oak_planks":24,"minecraft:torch":44}},"DataVersion":3953}