{"stats":{"minecraft:used":{"minecraft:cooked_mutton":2,"minecraft:stone_pickaxe":38,"minecraft:shield":3,"minecraft:wooden_pickaxe":11,"minecraft:cooked_chicken":1,"minecraft:white_wool":1,"minecraft:torch":11,"minecraft:dirt":5,"minecraft:crafting_table":4,"minecraft:mushroom_stew":4,"minecraft:dark_oak_planks":7,"minecraft:iron_axe":13,"minecraft:iron_pickaxe":74,"minecraft:stone_axe":83,"minecraft:light_gray_wool":2,"minecraft:cobblestone":3,"minecraft:furnace":3},"minecraft:picked_up":{"minecraft:crafting_table":4,"minecraft:chicken":1,"minecraft:brown_mushroom":4,"minecraft:red_mushroom":6,"minecraft:oak_log":7,"minecraft:gunpowder":1,"minecraft:dirt":5,"minecraft:wheat_seeds":3,"minecraft:cobbled_deepslate":5,"minecraft:light_gray_wool":2,"minecraft:furnace":2,"minecraft:stick":1,"minecraft:raw_iron":19,"minecraft:torch":2,"minecraft:gravel":3,"minecraft:dark_oak_log":7,"minecraft:rotten_flesh":1,"minecraft:mutton":7,"minecraft:coal":153,"minecraft:white_wool":4,"minecraft:cobblestone":29},"minecraft:dropped":{"minecraft:stone_axe":1,"minecraft:wheat_seeds":3,"minecraft:bowl":4,"minecraft:rotten_flesh":1,"minecraft:red_mushroom":2,"minecraft:dark_oak_log":1,"minecraft:gunpowder":1,"minecraft:stone_pickaxe":1,"minecraft:wooden_pickaxe":1},"minecraft:killed":{"minecraft:spider":2,"minecraft:creeper":1,"minecraft:skeleton":1,"minecraft:sheep":4,"minecraft:zombie":2,"minecraft:chicken":1},"minecraft:custom":{"minecraft:interact_with_furnace":17,"minecraft:mob_kills":12,"minecraft:interact_with_crafting_table":11,"minecraft:time_since_death":22589,"minecraft:climb_one_cm":206,"minecraft:time_since_rest":22589,"minecraft:sprint_one_cm":76338,"minecraft:damage_taken":237,"minecraft:walk_one_cm":44322,"minecraft:damage_blocked_by_shield":90,"minecraft:drop":13,"minecraft:damage_dealt":1825,"minecraft:fly_one_cm":107583,"minecraft:player_kills":1,"minecraft:crouch_one_cm":2732,"minecraft:play_time":22589,"minecraft:sneak_time":906,"minecraft:jump":581,"minecraft:walk_on_water_one_cm":888,"minecraft:total_world_time":22589,"minecraft:fall_one_cm":20922},"minecraft:mined":{"minecraft:dark_oak_log":6,"minecraft:crafting_table":4,"minecraft:short_grass":10,"minecraft:grass_block":2,"minecraft:mushroom_stem":8,"minecraft:brown_mushroom_block":23,"minecraft:wall_torch":2,"minecraft:furnace":2,"minecraft:iron_ore":19,"minecraft:light_gray_wool":1,"minecraft:coal_ore":61,"minecraft:oak_log":7,"minecraft:gravel":3,"minecraft:dirt":3,"minecraft:red_mushroom_block":29,"minecraft:stone":29,"minecraft:white_wool":1,"minecraft:oak_leaves":1,"minecraft:deepslate":5},"minecraft:crafted":{"minecraft:oak_planks":28,"minecraft:crafting_table":1,"minecraft:wooden_pickaxe":1,"minecraft:cooked_chicken":1,"minecraft:bowl":4,"minecraft:furnace":1,"minecraft:mushroom_stew":4,"minecraft:stone_axe":1,"minecraft:cooked_mutton":7,"minecraft:air":0,"minecraft:shield":1,"minecraft:iron_axe":1,"minecraft:stick":12,"minecraft:iron_ingot":7,"minecraft:iron_pickaxe":1,"minecraft:stone_pickaxe":1,"minecraft:white_bed":1,"minecraft:dark_oak_planks":24,"minecraft:torch":12}},"DataVersion":3953}