{"stats":{"minecraft:used":{"minecraft:shield":32,"minecraft:iron_sword":7,"minecraft:rotten_flesh":1,"minecraft:cooked_chicken":1,"minecraft:torch":37,"minecraft:dirt":5,"minecraft:dark_oak_planks":7,"minecraft:flowering_azalea":1,"minecraft:iron_axe":54,"minecraft:iron_helmet":1,"minecraft:light_gray_wool":2,"minecraft:furnace":5,"minecraft:cobbled_deepslate":2,"minecraft:enchanted_golden_apple":1,"minecraft:cooked_mutton":6,"minecraft:water_bucket":3,"minecraft:stone_pickaxe":38,"minecraft:oak_planks":5,"minecraft:wooden_pickaxe":11,"minecraft:diamond_axe":1,"minecraft:white_wool":1,"minecraft:glow_berries":15,"minecraft:crafting_table":10,"minecraft:mushroom_stew":4,"minecraft:diamond_pickaxe":48,"minecraft:bread":12,"minecraft:iron_pickaxe":91,"minecraft:stone_axe":83,"minecraft:cobblestone":32,"minecraft:bucket":3},"minecraft:picked_up":{"minecraft:crafting_table":14,"minecraft:iron_chestplate":2,"minecraft:chicken":1,"minecraft:clay_ball":18,"minecraft:brown_mushroom":4,"minecraft:shield":2,"minecraft:string":2,"minecraft:iron_axe":3,"minecraft:flint_and_steel":2,"minecraft:iron_leggings":1,"minecraft:iron_shovel":1,"minecraft:cobbled_deepslate":29,"minecraft:azalea":1,"minecraft:iron_pickaxe":1,"minecraft:light_gray_wool":2,"minecraft:enchanted_golden_apple":1,"minecraft:furnace":9,"minecraft:iron_boots":4,"minecraft:raw_iron":157,"minecraft:stick":11,"minecraft:torch":52,"minecraft:redstone":38,"minecraft:dark_oak_planks":9,"minecraft:arrow":12,"minecraft:rotten_flesh":454,"minecraft:tropical_fish":4,"minecraft:glow_berries":16,"minecraft:mutton":7,"minecraft:white_wool":4,"minecraft:cobblestone":174,"minecraft:feather":1,"minecraft:water_bucket":1,"minecraft:andesite":16,"minecraft:red_mushroom":6,"minecraft:flint":1,"minecraft:oak_log":7,"minecraft:gunpowder":1,"minecraft:lapis_lazuli":182,"minecraft:dirt":29,"minecraft:name_tag":1,"minecraft:cooked_mutton":1,"minecraft:bone":15,"minecraft:apple":1,"minecraft:bow":2,"minecraft:wheat_seeds":3,"minecraft:raw_gold":41,"minecraft:iron_ingot":8,"minecraft:iron_sword":1,"minecraft:oak_planks":39,"minecraft:flowering_azalea":1,"minecraft:gravel":9,"minecraft:white_bed":1,"minecraft:dark_oak_log":7,"minecraft:mossy_cobblestone":3,"minecraft:slime_ball":2,"minecraft:stone_axe":1,"minecraft:diamond":21,"minecraft:iron_helmet":3,"minecraft:coal":367,"minecraft:diamond_pickaxe":4},"minecraft:dropped":{"minecraft:iron_ingot":6,"minecraft:iron_sword":1,"minecraft:wheat_seeds":3,"minecraft:lapis_lazuli":118,"minecraft:diamond":10,"minecraft:crafting_table":2,"minecraft:iron_helmet":1,"minecraft:cobblestone":63,"minecraft:apple":1,"minecraft:tropical_fish":2,"minecraft:coal":26,"minecraft:red_mushroom":2,"minecraft:dirt":12,"minecraft:dark_oak_log":1,"minecraft:iron_leggings":1,"minecraft:iron_axe":2,"minecraft:iron_pickaxe":1,"minecraft:iron_shovel":1,"minecraft:string":2,"minecraft:bone":14,"minecraft:redstone":38,"minecraft:gravel":3,"minecraft:stone_axe":2,"minecraft:cobbled_deepslate":7,"minecraft:bowl":4,"minecraft:raw_iron":50,"minecraft:rotten_flesh":259,"minecraft:clay_ball":14,"minecraft:oak_planks":8,"minecraft:iron_boots":2,"minecraft:cooked_mutton":2,"minecraft:flint_and_steel":2,"minecraft:gunpowder":1,"minecraft:diamond_pickaxe":2,"minecraft:azalea":1,"minecraft:arrow":3,"minecraft:bow":2,"minecraft:wooden_pickaxe":1,"minecraft:stone_pickaxe":1},"minecraft:killed":{"minecraft:spider":2,"minecraft:slime":1,"minecraft:skeleton":6,"minecraft:chicken":1,"minecraft:creeper":2,"minecraft:sheep":4,"minecraft:zombie":8},"minecraft:custom":{"minecraft:mob_kills":26,"minecraft:interact_with_crafting_table":17,"minecraft:time_since_death":9599,"minecraft:damage_resisted":68,"minecraft:climb_one_cm":538,"minecraft:sprint_one_cm":185118,"minecraft:walk_one_cm":118499,"minecraft:damage_blocked_by_shield":1526,"minecraft:drop":91,"minecraft:play_time":58589,"minecraft:deaths":3,"minecraft:sneak_time":1632,"minecraft:walk_under_water_one_cm":152,"minecraft:jump":1325,"minecraft:walk_on_water_one_cm":1585,"minecraft:total_world_time":58589,"minecraft:interact_with_furnace":30,"minecraft:time_since_rest":9620,"minecraft:damage_taken":1806,"minecraft:damage_absorbed":160,"minecraft:damage_dealt":5047,"minecraft:fly_one_cm":204710,"minecraft:player_kills":7,"minecraft:open_chest":7,"minecraft:crouch_one_cm":5184,"minecraft:fall_one_cm":43046},"minecraft:mined":{"minecraft:mossy_cobblestone":3,"minecraft:deepslate_diamond_ore":10,"minecraft:dark_oak_log":6,"minecraft:cave_vines_plant":2,"minecraft:grass_block":2,"minecraft:brown_mushroom_block":23,"minecraft:spawner":1,"minecraft:furnace":5,"minecraft:iron_ore":29,"minecraft:fire":8,"minecraft:cave_vines":7,"minecraft:deepslate_iron_ore":2,"minecraft:stone":29,"minecraft:white_wool":1,"minecraft:flowering_azalea":1,"minecraft:crafting_table":10,"minecraft:short_grass":11,"minecraft:mushroom_stem":8,"minecraft:tall_grass":1,"minecraft:cobblestone":1,"minecraft:deepslate_gold_ore":19,"minecraft:wall_torch":2,"minecraft:light_gray_wool":1,"minecraft:oak_log":7,"minecraft:coal_ore":61,"minecraft:gravel":3,"minecraft:dirt":3,"minecraft:red_mushroom_block":29,"minecraft:gold_ore":1,"minecraft:oak_leaves":1,"minecraft:deepslate":15},"minecraft:killed_by":{"minecraft:player":2},"minecraft:crafted":{"minecraft:oak_planks":28,"minecraft:cooked_chicken":1,"minecraft:furnace":1,"minecraft:mushroom_stew":4,"minecraft:cooked_mutton":7,"minecraft:iron_boots":1,"minecraft:iron_axe":1,"minecraft:stone_pickaxe":1,"minecraft:dark_oak_planks":24,"minecraft:diamond_axe":1,"minecraft:crafting_table":1,"minecraft:wooden_pickaxe":1,"minecraft:iron_helmet":1,"minecraft:bowl":4,"minecraft:bucket":1,"minecraft:stone_axe":1,"minecraft:air":0,"minecraft:iron_chestplate":1,"minecraft:diamond_pickaxe":1,"minecraft:shield":1,"minecraft:stick":28,"minecraft:iron_ingot":31,"minecraft:iron_pickaxe":1,"minecraft:white_bed":1,"minecraft:torch":44}},"DataVersion":3953}