{"stats":{"minecraft:used":{"minecraft:moss_block":4,"minecraft:diorite":1,"minecraft:stone_pickaxe":110,"minecraft:shield":10,"minecraft:wooden_pickaxe":7,"minecraft:iron_sword":59,"minecraft:dirt":3,"minecraft:crafting_table":4,"minecraft:tuff":5,"minecraft:granite":1,"minecraft:iron_pickaxe":252,"minecraft:cobblestone":35,"minecraft:furnace":3,"minecraft:bucket":1,"minecraft:andesite":7,"minecraft:cobbled_deepslate":21},"minecraft:picked_up":{"minecraft:iron_chestplate":1,"minecraft:crafting_table":5,"minecraft:clay_ball":8,"minecraft:water_bucket":1,"minecraft:andesite":39,"minecraft:wooden_pickaxe":2,"minecraft:flint":3,"minecraft:tuff":5,"minecraft:oak_log":6,"minecraft:shield":2,"minecraft:lapis_lazuli":182,"minecraft:dirt":15,"minecraft:string":6,"minecraft:flint_and_steel":2,"minecraft:bone":10,"minecraft:bow":2,"minecraft:wheat_seeds":1,"minecraft:cobbled_deepslate":21,"minecraft:raw_gold":2,"minecraft:iron_ingot":8,"minecraft:stone_pickaxe":1,"minecraft:azalea":2,"minecraft:iron_pickaxe":1,"minecraft:moss_block":4,"minecraft:iron_sword":1,"minecraft:oak_planks":18,"minecraft:furnace":6,"minecraft:dark_oak_sapling":1,"minecraft:raw_iron":137,"minecraft:stick":7,"minecraft:big_dripleaf":4,"minecraft:gravel":12,"minecraft:diorite":1,"minecraft:redstone":19,"minecraft:dark_oak_log":4,"minecraft:dark_oak_planks":2,"minecraft:cactus":64,"minecraft:arrow":13,"minecraft:rotten_flesh":1863,"minecraft:diamond":6,"minecraft:tropical_fish":2,"minecraft:granite":1,"minecraft:oak_sapling":2,"minecraft:glow_berries":2,"minecraft:coal":83,"minecraft:cobblestone":221},"minecraft:dropped":{"minecraft:iron_ingot":6,"minecraft:gravel":3,"minecraft:wheat_seeds":1,"minecraft:raw_iron":25,"minecraft:rotten_flesh":1604,"minecraft:big_dripleaf":2,"minecraft:oak_sapling":2,"minecraft:wooden_pickaxe":1,"minecraft:cactus":64},"minecraft:killed":{"minecraft:spider":1,"minecraft:skeleton":4,"minecraft:zombie":6},"minecraft:custom":{"minecraft:interact_with_furnace":29,"minecraft:mob_kills":11,"minecraft:interact_with_crafting_table":19,"minecraft:time_since_death":1045,"minecraft:climb_one_cm":517,"minecraft:time_since_rest":1080,"minecraft:sprint_one_cm":48218,"minecraft:damage_taken":814,"minecraft:walk_one_cm":119941,"minecraft:damage_blocked_by_shield":260,"minecraft:drop":39,"minecraft:damage_dealt":2143,"minecraft:fly_one_cm":66121,"minecraft:crouch_one_cm":14248,"minecraft:play_time":40097,"minecraft:deaths":3,"minecraft:sneak_time":6398,"minecraft:walk_under_water_one_cm":3700,"minecraft:jump":817,"minecraft:walk_on_water_one_cm":11139,"minecraft:total_world_time":40097,"minecraft:fall_one_cm":11280},"minecraft:mined":{"minecraft:deepslate_redstone_ore":4,"minecraft:diamond_ore":1,"minecraft:tuff":5,"minecraft:dark_oak_leaves":10,"minecraft:deepslate_diamond_ore":5,"minecraft:dark_oak_log":5,"minecraft:clay":1,"minecraft:crafting_table":4,"minecraft:cave_vines_plant":3,"minecraft:short_grass":5,"minecraft:grass_block":3,"minecraft:cobblestone":3,"minecraft:lapis_ore":13,"minecraft:deepslate_gold_ore":2,"minecraft:moss_block":4,"minecraft:diorite":1,"minecraft:big_dripleaf":1,"minecraft:furnace":3,"minecraft:iron_ore":55,"minecraft:andesite":23,"minecraft:deepslate_lapis_ore":1,"minecraft:coal_ore":48,"minecraft:oak_log":6,"minecraft:cave_vines":1,"minecraft:deepslate_iron_ore":33,"minecraft:gravel":5,"minecraft:dirt":9,"minecraft:azalea":1,"minecraft:stone":110,"minecraft:oak_leaves":47,"minecraft:deepslate":22},"minecraft:killed_by":{"minecraft:player":1},"minecraft:crafted":{"minecraft:oak_planks":24,"minecraft:crafting_table":1,"minecraft:iron_helmet":1,"minecraft:wooden_pickaxe":1,"minecraft:dark_oak_wood":3,"minecraft:iron_sword":1,"minecraft:furnace":2,"minecraft:bucket":1,"minecraft:air":0,"minecraft:flint_and_steel":1,"minecraft:iron_boots":1,"minecraft:iron_chestplate":1,"minecraft:diamond_pickaxe":1,"minecraft:shield":1,"minecraft:stick":20,"minecraft:iron_ingot":36,"minecraft:iron_pickaxe":1,"minecraft:stone_pickaxe":1,"minecraft:iron_leggings":1,"minecraft:torch":28,"minecraft:dark_oak_planks":12},"minecraft:broken":{"minecraft:stone_pickaxe":1,"minecraft:iron_pickaxe":1}},"DataVersion":3953}