{"stats":{"minecraft:used":{"minecraft:diorite":1,"minecraft:stone_pickaxe":68,"minecraft:iron_pickaxe":75,"minecraft:wooden_pickaxe":7,"minecraft:dirt":3,"minecraft:cobblestone":16,"minecraft:crafting_table":2,"minecraft:furnace":1,"minecraft:granite":1},"minecraft:picked_up":{"minecraft:dark_oak_sapling":1,"minecraft:stick":3,"minecraft:crafting_table":3,"minecraft:raw_iron":37,"minecraft:big_dripleaf":2,"minecraft:wooden_pickaxe":1,"minecraft:gravel":6,"minecraft:flint":1,"minecraft:oak_log":6,"minecraft:diorite":1,"minecraft:shield":1,"minecraft:string":4,"minecraft:dark_oak_log":4,"minecraft:dirt":3,"minecraft:dark_oak_planks":1,"minecraft:flint_and_steel":1,"minecraft:bone":1,"minecraft:diamond":2,"minecraft:tropical_fish":2,"minecraft:cobbled_deepslate":1,"minecraft:iron_ingot":2,"minecraft:granite":1,"minecraft:stone_pickaxe":1,"minecraft:azalea":1,"minecraft:iron_pickaxe":1,"minecraft:glow_berries":2,"minecraft:moss_block":3,"minecraft:oak_planks":18,"minecraft:coal":47,"minecraft:cobblestone":103,"minecraft:furnace":2},"minecraft:killed":{"minecraft:skeleton":1,"minecraft:spider":1},"minecraft:custom":{"minecraft:time_since_rest":5686,"minecraft:interact_with_furnace":7,"minecraft:sprint_one_cm":40209,"minecraft:damage_taken":691,"minecraft:walk_one_cm":31237,"minecraft:mob_kills":2,"minecraft:damage_dealt":373,"minecraft:interact_with_crafting_table":5,"minecraft:fly_one_cm":57750,"minecraft:crouch_one_cm":7470,"minecraft:play_time":16097,"minecraft:deaths":2,"minecraft:sneak_time":3185,"minecraft:walk_under_water_one_cm":222,"minecraft:jump":346,"minecraft:walk_on_water_one_cm":6085,"minecraft:time_since_death":5661,"minecraft:climb_one_cm":58,"minecraft:total_world_time":16097,"minecraft:fall_one_cm":7725},"minecraft:mined":{"minecraft:diamond_ore":1,"minecraft:furnace":1,"minecraft:dark_oak_leaves":10,"minecraft:deepslate_diamond_ore":1,"minecraft:iron_ore":25,"minecraft:dark_oak_log":5,"minecraft:crafting_table":2,"minecraft:cave_vines_plant":2,"minecraft:short_grass":1,"minecraft:oak_log":6,"minecraft:coal_ore":24,"minecraft:deepslate_iron_ore":6,"minecraft:gravel":4,"minecraft:cobblestone":3,"minecraft:azalea":1,"minecraft:stone":55,"minecraft:moss_block":3,"minecraft:diorite":1,"minecraft:deepslate":1,"minecraft:big_dripleaf":1},"minecraft:killed_by":{"minecraft:player":1},"minecraft:crafted":{"minecraft:oak_planks":24,"minecraft:shield":1,"minecraft:crafting_table":1,"minecraft:stick":8,"minecraft:iron_pickaxe":1,"minecraft:dark_oak_wood":3,"minecraft:wooden_pickaxe":1,"minecraft:iron_ingot":7,"minecraft:stone_pickaxe":1,"minecraft:furnace":1,"minecraft:dark_oak_planks":12,"minecraft:air":0,"minecraft:flint_and_steel":1}},"DataVersion":3953}