{"stats":{"minecraft:used":{"minecraft:crafting_table":1},"minecraft:picked_up":{"minecraft:dark_oak_sapling":1,"minecraft:crafting_table":1,"minecraft:stick":1,"minecraft:oak_log":6,"minecraft:dark_oak_log":4},"minecraft:custom":{"minecraft:time_since_rest":1623,"minecraft:crouch_one_cm":763,"minecraft:play_time":4097,"minecraft:sprint_one_cm":10358,"minecraft:walk_one_cm":4285,"minecraft:damage_taken":339,"minecraft:deaths":1,"minecraft:sneak_time":377,"minecraft:jump":89,"minecraft:damage_dealt":8,"minecraft:time_since_death":1596,"minecraft:total_world_time":4097,"minecraft:interact_with_crafting_table":1,"minecraft:fall_one_cm":2802,"minecraft:fly_one_cm":21502},"minecraft:mined":{"minecraft:oak_log":6,"minecraft:dark_oak_leaves":10,"minecraft:dark_oak_log":5,"minecraft:crafting_table":1},"minecraft:killed_by":{"minecraft:player":1},"minecraft:crafted":{"minecraft:dark_oak_planks":12,"minecraft:crafting_table":1,"minecraft:stick":4,"minecraft:wooden_pickaxe":1,"minecraft:dark_oak_wood":3}},"DataVersion":3953}