{"stats":{"minecraft:used":{"minecraft:diorite":1,"minecraft:stone_pickaxe":68,"minecraft:shield":8,"minecraft:wooden_pickaxe":7,"minecraft:iron_sword":21,"minecraft:dirt":3,"minecraft:crafting_table":3,"minecraft:granite":1,"minecraft:iron_pickaxe":126,"minecraft:cobblestone":34,"minecraft:furnace":3},"minecraft:picked_up":{"minecraft:crafting_table":4,"minecraft:wooden_pickaxe":2,"minecraft:flint":1,"minecraft:tuff":5,"minecraft:oak_log":6,"minecraft:shield":1,"minecraft:lapis_lazuli":9,"minecraft:dirt":3,"minecraft:string":4,"minecraft:flint_and_steel":1,"minecraft:bone":3,"minecraft:bow":1,"minecraft:cobbled_deepslate":9,"minecraft:raw_gold":1,"minecraft:iron_ingot":2,"minecraft:stone_pickaxe":1,"minecraft:azalea":1,"minecraft:iron_pickaxe":1,"minecraft:moss_block":3,"minecraft:oak_planks":18,"minecraft:furnace":4,"minecraft:dark_oak_sapling":1,"minecraft:raw_iron":83,"minecraft:stick":3,"minecraft:big_dripleaf":2,"minecraft:gravel":6,"minecraft:diorite":1,"minecraft:dark_oak_log":4,"minecraft:dark_oak_planks":1,"minecraft:arrow":4,"minecraft:rotten_flesh":1,"minecraft:diamond":6,"minecraft:tropical_fish":2,"minecraft:granite":1,"minecraft:glow_berries":2,"minecraft:coal":59,"minecraft:cobblestone":103},"minecraft:dropped":{"minecraft:wooden_pickaxe":1},"minecraft:killed":{"minecraft:spider":1,"minecraft:skeleton":3,"minecraft:zombie":4},"minecraft:custom":{"minecraft:interact_with_furnace":29,"minecraft:mob_kills":8,"minecraft:interact_with_crafting_table":17,"minecraft:time_since_death":17661,"minecraft:climb_one_cm":58,"minecraft:time_since_rest":17686,"minecraft:sprint_one_cm":48218,"minecraft:damage_taken":735,"minecraft:walk_one_cm":65046,"minecraft:damage_blocked_by_shield":200,"minecraft:drop":1,"minecraft:damage_dealt":1543,"minecraft:fly_one_cm":65311,"minecraft:crouch_one_cm":10128,"minecraft:play_time":28097,"minecraft:deaths":2,"minecraft:sneak_time":4354,"minecraft:walk_under_water_one_cm":631,"minecraft:jump":581,"minecraft:walk_on_water_one_cm":8829,"minecraft:total_world_time":28097,"minecraft:fall_one_cm":9815},"minecraft:mined":{"minecraft:diamond_ore":1,"minecraft:tuff":5,"minecraft:dark_oak_leaves":10,"minecraft:deepslate_diamond_ore":5,"minecraft:dark_oak_log":5,"minecraft:crafting_table":3,"minecraft:cave_vines_plant":2,"minecraft:short_grass":1,"minecraft:cobblestone":3,"minecraft:deepslate_gold_ore":2,"minecraft:moss_block":3,"minecraft:diorite":1,"minecraft:big_dripleaf":1,"minecraft:furnace":3,"minecraft:iron_ore":25,"minecraft:deepslate_lapis_ore":1,"minecraft:coal_ore":24,"minecraft:oak_log":6,"minecraft:deepslate_iron_ore":33,"minecraft:gravel":4,"minecraft:azalea":1,"minecraft:stone":55,"minecraft:deepslate":10},"minecraft:killed_by":{"minecraft:player":1},"minecraft:crafted":{"minecraft:oak_planks":24,"minecraft:crafting_table":1,"minecraft:iron_helmet":1,"minecraft:wooden_pickaxe":1,"minecraft:dark_oak_wood":3,"minecraft:iron_sword":1,"minecraft:furnace":2,"minecraft:bucket":1,"minecraft:air":0,"minecraft:flint_and_steel":1,"minecraft:iron_boots":1,"minecraft:iron_chestplate":1,"minecraft:shield":1,"minecraft:stick":20,"minecraft:iron_ingot":36,"minecraft:iron_pickaxe":1,"minecraft:stone_pickaxe":1,"minecraft:iron_leggings":1,"minecraft:torch":28,"minecraft:dark_oak_planks":12}},"DataVersion":3953}