{"stats":{"minecraft:used":{"minecraft:moss_block":4,"minecraft:iron_shovel":1,"minecraft:flint_and_steel":41,"minecraft:shield":10,"minecraft:iron_sword":75,"minecraft:rotten_flesh":3,"minecraft:iron_chestplate":1,"minecraft:dirt":3,"minecraft:tuff":5,"minecraft:granite":1,"minecraft:iron_axe":6,"minecraft:iron_boots":2,"minecraft:netherite_boots":1,"minecraft:bow":1,"minecraft:furnace":3,"minecraft:cobbled_deepslate":21,"minecraft:diorite":1,"minecraft:stone_pickaxe":110,"minecraft:netherite_chestplate":1,"minecraft:wooden_pickaxe":7,"minecraft:netherite_leggings":1,"minecraft:tnt":64,"minecraft:crafting_table":4,"minecraft:netherite_helmet":1,"minecraft:apple":1,"minecraft:suspicious_stew":1,"minecraft:iron_pickaxe":252,"minecraft:gravel":2,"minecraft:stone_axe":5,"minecraft:cobblestone":35,"minecraft:andesite":7,"minecraft:bucket":1},"minecraft:picked_up":{"minecraft:crafting_table":12,"minecraft:iron_chestplate":6,"minecraft:clay_ball":136,"minecraft:wooden_pickaxe":3,"minecraft:shield":4,"minecraft:string":6,"minecraft:moss_carpet":3,"minecraft:iron_axe":7,"minecraft:flint_and_steel":8,"minecraft:iron_leggings":1,"minecraft:iron_shovel":5,"minecraft:cobbled_deepslate":27,"minecraft:azalea":2,"minecraft:iron_pickaxe":7,"minecraft:iron_boots":7,"minecraft:furnace":23,"minecraft:dark_oak_sapling":2,"minecraft:stick":11,"minecraft:raw_iron":387,"minecraft:big_dripleaf":4,"minecraft:diorite":1,"minecraft:redstone":76,"minecraft:dark_oak_planks":84,"minecraft:rotten_flesh":6148,"minecraft:cactus":64,"minecraft:arrow":25,"minecraft:stone_shovel":2,"minecraft:tropical_fish":8,"minecraft:netherite_chestplate":1,"minecraft:glow_berries":2,"minecraft:cobblestone":284,"minecraft:netherite_boots":1,"minecraft:feather":2,"minecraft:water_bucket":2,"minecraft:andesite":71,"minecraft:filled_map":2,"minecraft:flint":4,"minecraft:tuff":5,"minecraft:oak_log":6,"minecraft:netherite_leggings":1,"minecraft:lapis_lazuli":489,"minecraft:dirt":63,"minecraft:bone":46,"minecraft:apple":1,"minecraft:kelp":3,"minecraft:bow":7,"minecraft:wheat_seeds":1,"minecraft:raw_gold":44,"minecraft:iron_ingot":32,"minecraft:stone_pickaxe":1,"minecraft:netherite_axe":1,"minecraft:moss_block":8,"minecraft:oak_planks":29,"minecraft:iron_sword":4,"minecraft:gravel":32,"minecraft:dark_oak_log":4,"minecraft:slime_ball":1,"minecraft:diamond":31,"minecraft:stone_axe":7,"minecraft:netherite_helmet":1,"minecraft:iron_helmet":3,"minecraft:granite":1,"minecraft:diamond_axe":1,"minecraft:bread":123,"minecraft:oak_sapling":2,"minecraft:coal":139,"minecraft:diamond_pickaxe":4},"minecraft:dropped":{"minecraft:iron_ingot":12,"minecraft:wheat_seeds":1,"minecraft:crafting_table":2,"minecraft:iron_axe":2,"minecraft:cactus":64,"minecraft:iron_shovel":2,"minecraft:dark_oak_planks":40,"minecraft:bone":6,"minecraft:gravel":4,"minecraft:kelp":1,"minecraft:bowl":1,"minecraft:raw_iron":25,"minecraft:rotten_flesh":2948,"minecraft:clay_ball":32,"minecraft:flint_and_steel":1,"minecraft:filled_map":1,"minecraft:big_dripleaf":2,"minecraft:iron_chestplate":1,"minecraft:oak_sapling":2,"minecraft:azalea":1,"minecraft:wooden_pickaxe":1},"minecraft:killed":{"minecraft:spider":1,"minecraft:skeleton":4,"minecraft:chicken":1,"minecraft:zombie":6},"minecraft:custom":{"minecraft:mob_kills":12,"minecraft:interact_with_crafting_table":19,"minecraft:leave_game":1,"minecraft:time_since_death":1472,"minecraft:climb_one_cm":517,"minecraft:sprint_one_cm":134961,"minecraft:walk_one_cm":180235,"minecraft:damage_blocked_by_shield":260,"minecraft:drop":76,"minecraft:play_time":64076,"minecraft:deaths":23,"minecraft:sneak_time":6484,"minecraft:walk_under_water_one_cm":31192,"minecraft:jump":1449,"minecraft:walk_on_water_one_cm":23063,"minecraft:total_world_time":64076,"minecraft:interact_with_furnace":29,"minecraft:time_since_rest":1500,"minecraft:damage_taken":5966,"minecraft:damage_dealt":4388,"minecraft:swim_one_cm":68697,"minecraft:fly_one_cm":202127,"minecraft:player_kills":8,"minecraft:open_chest":1,"minecraft:crouch_one_cm":14319,"minecraft:fall_one_cm":38834},"minecraft:mined":{"minecraft:diamond_ore":1,"minecraft:tuff":5,"minecraft:dark_oak_leaves":10,"minecraft:deepslate_diamond_ore":5,"minecraft:dark_oak_log":6,"minecraft:cave_vines_plant":3,"minecraft:grass_block":3,"minecraft:kelp":6,"minecraft:moss_block":4,"minecraft:furnace":3,"minecraft:iron_ore":55,"minecraft:fire":3,"minecraft:andesite":23,"minecraft:deepslate_lapis_ore":1,"minecraft:cave_vines":1,"minecraft:deepslate_iron_ore":33,"minecraft:azalea":1,"minecraft:stone":110,"minecraft:deepslate_redstone_ore":4,"minecraft:kelp_plant":3,"minecraft:crafting_table":4,"minecraft:clay":1,"minecraft:short_grass":8,"minecraft:cobblestone":3,"minecraft:lapis_ore":13,"minecraft:deepslate_gold_ore":2,"minecraft:diorite":1,"minecraft:big_dripleaf":1,"minecraft:coal_ore":48,"minecraft:oak_log":6,"minecraft:gravel":5,"minecraft:dirt":9,"minecraft:oak_leaves":47,"minecraft:deepslate":22},"minecraft:killed_by":{"minecraft:player":14,"minecraft:warden":2,"minecraft:zombie":1},"minecraft:crafted":{"minecraft:oak_planks":24,"minecraft:dark_oak_wood":3,"minecraft:furnace":2,"minecraft:flint_and_steel":1,"minecraft:iron_boots":1,"minecraft:stone_pickaxe":1,"minecraft:dark_oak_planks":12,"minecraft:crafting_table":1,"minecraft:wooden_pickaxe":1,"minecraft:iron_helmet":1,"minecraft:iron_sword":1,"minecraft:bucket":1,"minecraft:air":0,"minecraft:iron_chestplate":1,"minecraft:diamond_pickaxe":1,"minecraft:shield":1,"minecraft:stick":20,"minecraft:iron_pickaxe":1,"minecraft:iron_ingot":36,"minecraft:iron_leggings":1,"minecraft:torch":28},"minecraft:broken":{"minecraft:stone_pickaxe":1,"minecraft:iron_pickaxe":1}},"DataVersion":3953}