{"stats":{"minecraft:used":{"minecraft:moss_block":4,"minecraft:diorite":1,"minecraft:iron_shovel":1,"minecraft:flint_and_steel":38,"minecraft:stone_pickaxe":110,"minecraft:wooden_pickaxe":7,"minecraft:shield":10,"minecraft:iron_sword":75,"minecraft:rotten_flesh":2,"minecraft:iron_chestplate":1,"minecraft:dirt":3,"minecraft:crafting_table":4,"minecraft:tuff":5,"minecraft:granite":1,"minecraft:apple":1,"minecraft:iron_axe":4,"minecraft:iron_pickaxe":252,"minecraft:gravel":2,"minecraft:iron_boots":2,"minecraft:stone_axe":2,"minecraft:bow":1,"minecraft:cobblestone":35,"minecraft:furnace":3,"minecraft:bucket":1,"minecraft:andesite":7,"minecraft:cobbled_deepslate":21},"minecraft:picked_up":{"minecraft:iron_chestplate":5,"minecraft:crafting_table":11,"minecraft:feather":1,"minecraft:clay_ball":136,"minecraft:water_bucket":2,"minecraft:andesite":55,"minecraft:wooden_pickaxe":3,"minecraft:flint":4,"minecraft:tuff":5,"minecraft:oak_log":6,"minecraft:shield":3,"minecraft:lapis_lazuli":489,"minecraft:string":6,"minecraft:dirt":51,"minecraft:moss_carpet":3,"minecraft:iron_axe":5,"minecraft:flint_and_steel":8,"minecraft:iron_leggings":1,"minecraft:iron_shovel":5,"minecraft:bone":46,"minecraft:apple":1,"minecraft:bow":7,"minecraft:wheat_seeds":1,"minecraft:cobbled_deepslate":25,"minecraft:raw_gold":23,"minecraft:iron_ingot":26,"minecraft:stone_pickaxe":1,"minecraft:azalea":2,"minecraft:iron_pickaxe":7,"minecraft:moss_block":8,"minecraft:iron_sword":4,"minecraft:oak_planks":18,"minecraft:furnace":16,"minecraft:iron_boots":6,"minecraft:stick":9,"minecraft:dark_oak_sapling":2,"minecraft:raw_iron":337,"minecraft:big_dripleaf":4,"minecraft:gravel":32,"minecraft:diorite":1,"minecraft:redstone":76,"minecraft:dark_oak_log":4,"minecraft:dark_oak_planks":83,"minecraft:stone_shovel":2,"minecraft:arrow":19,"minecraft:cactus":64,"minecraft:rotten_flesh":5826,"minecraft:diamond":30,"minecraft:tropical_fish":6,"minecraft:stone_axe":5,"minecraft:iron_helmet":2,"minecraft:granite":1,"minecraft:oak_sapling":2,"minecraft:glow_berries":2,"minecraft:coal":123,"minecraft:cobblestone":221,"minecraft:diamond_pickaxe":3},"minecraft:dropped":{"minecraft:gravel":4,"minecraft:iron_ingot":12,"minecraft:wheat_seeds":1,"minecraft:crafting_table":2,"minecraft:raw_iron":25,"minecraft:rotten_flesh":2948,"minecraft:clay_ball":32,"minecraft:flint_and_steel":1,"minecraft:big_dripleaf":2,"minecraft:iron_chestplate":1,"minecraft:azalea":1,"minecraft:oak_sapling":2,"minecraft:iron_axe":2,"minecraft:wooden_pickaxe":1,"minecraft:iron_shovel":2,"minecraft:cactus":64,"minecraft:dark_oak_planks":40,"minecraft:bone":6},"minecraft:killed":{"minecraft:spider":1,"minecraft:skeleton":4,"minecraft:zombie":6},"minecraft:custom":{"minecraft:interact_with_furnace":29,"minecraft:mob_kills":11,"minecraft:interact_with_crafting_table":19,"minecraft:leave_game":1,"minecraft:time_since_death":405,"minecraft:climb_one_cm":517,"minecraft:time_since_rest":429,"minecraft:sprint_one_cm":104050,"minecraft:damage_taken":3632,"minecraft:walk_one_cm":164276,"minecraft:damage_blocked_by_shield":260,"minecraft:drop":73,"minecraft:damage_dealt":3680,"minecraft:fly_one_cm":119996,"minecraft:player_kills":7,"minecraft:play_time":52076,"minecraft:crouch_one_cm":14280,"minecraft:deaths":15,"minecraft:sneak_time":6409,"minecraft:walk_under_water_one_cm":3700,"minecraft:jump":1104,"minecraft:walk_on_water_one_cm":11139,"minecraft:total_world_time":52076,"minecraft:fall_one_cm":23644},"minecraft:mined":{"minecraft:deepslate_redstone_ore":4,"minecraft:diamond_ore":1,"minecraft:tuff":5,"minecraft:dark_oak_leaves":10,"minecraft:deepslate_diamond_ore":5,"minecraft:dark_oak_log":6,"minecraft:clay":1,"minecraft:crafting_table":4,"minecraft:cave_vines_plant":3,"minecraft:short_grass":7,"minecraft:grass_block":3,"minecraft:cobblestone":3,"minecraft:deepslate_gold_ore":2,"minecraft:lapis_ore":13,"minecraft:moss_block":4,"minecraft:diorite":1,"minecraft:big_dripleaf":1,"minecraft:furnace":3,"minecraft:iron_ore":55,"minecraft:fire":3,"minecraft:andesite":23,"minecraft:deepslate_lapis_ore":1,"minecraft:oak_log":6,"minecraft:coal_ore":48,"minecraft:cave_vines":1,"minecraft:deepslate_iron_ore":33,"minecraft:gravel":5,"minecraft:dirt":9,"minecraft:azalea":1,"minecraft:stone":110,"minecraft:oak_leaves":47,"minecraft:deepslate":22},"minecraft:killed_by":{"minecraft:player":9},"minecraft:crafted":{"minecraft:oak_planks":24,"minecraft:crafting_table":1,"minecraft:iron_helmet":1,"minecraft:dark_oak_wood":3,"minecraft:wooden_pickaxe":1,"minecraft:iron_sword":1,"minecraft:furnace":2,"minecraft:bucket":1,"minecraft:air":0,"minecraft:flint_and_steel":1,"minecraft:iron_boots":1,"minecraft:iron_chestplate":1,"minecraft:diamond_pickaxe":1,"minecraft:shield":1,"minecraft:stick":20,"minecraft:iron_ingot":36,"minecraft:iron_pickaxe":1,"minecraft:stone_pickaxe":1,"minecraft:iron_leggings":1,"minecraft:torch":28,"minecraft:dark_oak_planks":12},"minecraft:broken":{"minecraft:stone_pickaxe":1,"minecraft:iron_pickaxe":1}},"DataVersion":3953}